<?xml version="1.0" encoding="UTF-8" ?>
<!DOCTYPE log4j:configuration SYSTEM "log4j.dtd">

<log4j:configuration xmlns:log4j="http://jakarta.apache.org/log4j/">

    <appender name="FILE" class="org.apache.log4j.DailyRollingFileAppender">
        <param name="file" value="${catalina.home}/logs/yamolib-sample.log"/>
        <param name="DatePattern" value="'.'yyyy-MM-dd"/>
        <layout class="org.apache.log4j.PatternLayout">
            <param name="ConversionPattern" value="%d{yyyy-MM-dd HH:mm:ss,SSS} [%t] %-5p %c{1} - %m%n"/>
        </layout>
    </appender>

    <logger name="ru.yandex.money">
        <level value="INFO"/>
    </logger>

    <logger name="com.samples">
        <level value="INFO"/>
    </logger>

    <root>
        <priority value="ERROR"/>
        <appender-ref ref="FILE"/>
    </root>

</log4j:configuration>